Action,الإجراء,
Active,نشط,
Address,العنوان,
Age,العمر,
All Personnel,كل الأفراد,
An Excel file must be attached to the Personnel Committee before importing.,يجب إرفاق ملف Excel باللجنة قبل الاستيراد.,
Audit,المراجعة,
Authoritative personnel master records.,سجلات الأفراد الرئيسية المعتمدة.,
Birth Date,تاريخ الميلاد,
Category,الفئة,
Cause,السبب,
Charts,الرسوم البيانية,
Charts & Dashboard,الرسوم البيانية ولوحة المعلومات,
Committee,اللجنة,
Committee Date,تاريخ اللجنة,
Committee Name,اسم اللجنة,
Committee Records,سجلات اللجان,
Committee Type,نوع اللجنة,
Committee setup and attached Excel import files.,إعداد اللجان وملفات Excel المرفقة للاستيراد.,
Committees,اللجان,
Conflict Center,مركز التعارضات,
Conflict Options,خيارات التعارض,
Conflict Type,نوع التعارض,
Conflict resolved.,تم حل التعارض.,
Created Date,تاريخ الإنشاء,
Current personnel snapshots per committee.,لقطات بيانات الأفراد الحالية لكل لجنة.,
Date,التاريخ,
Decision,القرار,
Description,الوصف,
Detentions,الحجوزات,
Detentions Charts & Dashboard,لوحة معلومات ورسوم الحجوزات,
Detentions Charts & Dashboards,لوحات معلومات ورسوم الحجوزات,
Detentions By Rank,الحجوزات حسب الرتبة,
Detentions By Unit,الحجوزات حسب الوحدة,
Detentions by Rank,الحجوزات حسب الرتبة,
Detentions by Unit,الحجوزات حسب الوحدة,
Diagnosis,التشخيص,
Duration,المدة,
"Enter military numbers, one per line",أدخل الأرقام العسكرية، رقمًا في كل سطر,
Excel File,ملف Excel,
Excel file not found: {0},لم يتم العثور على ملف Excel: {0},
Existing duplicate history record could not be found.,تعذر العثور على سجل التاريخ المكرر الموجود.,
Export Mode,وضع التصدير,
Export personnel data to Excel.,تصدير بيانات الأفراد إلى Excel.,
Export to Excel,تصدير إلى Excel,
Family Information,بيانات الأسرة,
Family Image ,صورة الأسرة,
Family Photo,صورة الأسرة,
Field Conflict,تعارض حقل,
Filed / Record,الحقل / السجل,
Full Name,الاسم الكامل,
Height,الطول,
Height Date,تاريخ الطول,
High Salary Date,تاريخ العلاوة العالية,
Image,الصورة,
Import Complete,اكتمل الاستيراد,
Import conflicts and resolution history.,تعارضات الاستيراد وسجل الحلول.,
Import Workbook,استيراد المصنف,
Importing workbook...,جارٍ استيراد المصنف...,
Imprisonments,الحبس,
Imprisonments Charts & Dashboard,لوحة معلومات ورسوم الحبس,
Imprisonments Charts & Dashboards,لوحات معلومات ورسوم الحبس,
Imprisonments By Rank,الحبس حسب الرتبة,
Imprisonments by Rank,الحبس حسب الرتبة,
Imprisonments By Unit,الحبس حسب الوحدة,
Imprisonments by Unit,الحبس حسب الوحدة,
Job,الوظيفة,
Job Name,اسم الوظيفة,
Loading committees...,جارٍ تحميل اللجان...,
Loading conflicts...,جارٍ تحميل التعارضات...,
Mapped,مطابق,
Measurements,القياسات,
Medical Committees,اللجان الطبية,
Medical Committees Charts & Dashboard,لوحة معلومات ورسوم اللجان الطبية,
Medical Committees Charts & Dashboards,لوحات معلومات ورسوم اللجان الطبية,
Medical Committees By Rank,اللجان الطبية حسب الرتبة,
Medical Committees by Rank,اللجان الطبية حسب الرتبة,
Medical Committees By Unit,اللجان الطبية حسب الوحدة,
Medical Committees by Unit,اللجان الطبية حسب الوحدة,
Military Courts,المحاكم العسكرية,
Military Courts Charts & Dashboard,لوحة معلومات ورسوم المحاكم العسكرية,
Military Courts Charts & Dashboards,لوحات معلومات ورسوم المحاكم العسكرية,
Military Courts By Rank,المحاكم العسكرية حسب الرتبة,
Military Courts by Rank,المحاكم العسكرية حسب الرتبة,
Military Courts By Unit,المحاكم العسكرية حسب الوحدة,
Military Courts by Unit,المحاكم العسكرية حسب الوحدة,
Military Number,الرقم العسكري,
Military Numbers,الأرقام العسكرية,
Missing required sheets: {0},الأوراق المطلوبة المفقودة: {0},
Name,الاسم,
Names of Boys,أسماء الأولاد,
Names of Girls,أسماء البنات,
Navy Personnel,أفراد البحرية,
Navy Personnel Admin,مسؤول أفراد البحرية,
Navy Personnel Editor,محرر أفراد البحرية,
Navy Personnel User,مستخدم أفراد البحرية,
Navy Job,وظيفة بحرية,
Navy Rank,رتبة بحرية,
Navy Unit,وحدة بحرية,
Navy Weapon,سلاح بحري,
No personnel records found.,لم يتم العثور على سجلات أفراد.,
No committees,لا توجد لجان,
No unresolved conflicts.,لا توجد تعارضات غير محلولة.,
Number of Boys,عدد الأولاد,
Number of Girls,عدد البنات,
Option,الخيار,
Personnel,الأفراد,
Personnel By Rank,الأفراد حسب الرتبة,
Personnel Charts & Dashboard,الرسوم البيانية ولوحة معلومات الأفراد,
"Personnel Charts & Dashboard ",الرسوم البيانية ولوحة معلومات الأفراد,
Personnel Charts & Dashboard -Administrator,الرسوم البيانية ولوحة معلومات الأفراد - المدير,
Personnel Child,تابع الفرد,
Personnel Committee,لجنة الأفراد,
Personnel Committee Record,سجل لجنة الأفراد,
Personnel Conflict Center,مركز تعارضات الأفراد,
Personnel Conflict Option,خيار تعارض الأفراد,
Personnel Data Conflict,تعارض بيانات الأفراد,
Personnel Detention,حجز فرد,
Personnel Export,تصدير الأفراد,
Personnel History,تاريخ الفرد,
Personnel Imprisonment,حبس فرد,
Personnel Management,إدارة الأفراد,
Personnel Measurement,قياس فرد,
Personnel Medical Committee,لجنة طبية لفرد,
Personnel Military Court,محكمة عسكرية لفرد,
Personnel Promotion,ترقية فرد,
Personnel Record Source,مصدر سجل فرد,
Personnel Committee is required.,اللجنة مطلوبة.,
Personnel Travel,سفر فرد,
Personnel Unit History,تاريخ وحدة الفرد,
Personnel by Unit,الأفراد حسب الوحدة,
Personnel by Rank,الأفراد حسب الرتبة,
Personnel Count,عدد الأفراد,
Personnel management System ,نظام إدارة الأفراد,
Personnel punishment,جزاء فرد,
Place,المكان,
Please enter at least one military number.,يرجى إدخال رقم عسكري واحد على الأقل.,
Please log in before changing language.,يرجى تسجيل الدخول قبل تغيير اللغة.,
Please select a committee.,يرجى اختيار لجنة.,
Preparing Excel file...,جارٍ تجهيز ملف Excel...,
Promotion Date,تاريخ الترقية,
Promotion Promise Date,تاريخ وعد الترقية,
Promotions,الترقيات,
Punishments,الجزاءات,
Punishments by Rank,الجزاءات حسب الرتبة,
Punishments by Unit,الجزاءات حسب الوحدة,
Rank,الرتبة,
Rank Name,اسم الرتبة,
Record,السجل,
Record Conflict,تعارض سجل,
Record Name,اسم السجل,
Record Sources,مصادر السجل,
Record Type,نوع السجل,
Report,التقرير,
Report 1,تقرير 1,
Report 2,تقرير 2,
Report 3,تقرير 3,
Reports,التقارير,
Resolution Notes,ملاحظات الحل,
Resolve,حل,
Resolve Conflict,حل التعارض,
Resolve with {0},حل باستخدام {0},
Resolving conflict...,جارٍ حل التعارض...,
Resolved,محلول,
Resolved By,تم الحل بواسطة,
"Resolved By ",تم الحل بواسطة,
Resolved On,تم الحل في,
Return Date,تاريخ العودة,
Review,مراجعة,
Review conflicts that could not be resolved automatically.,راجع التعارضات التي تعذر حلها تلقائيًا.,
Review unresolved import conflicts.,مراجعة تعارضات الاستيراد غير المحلولة.,
Rows,الصفوف,
Saved history record could not be found.,تعذر العثور على سجل التاريخ المحفوظ.,
Section Break,فاصل قسم,
Select Committee,اختر اللجنة,
Selected,محدد,
Selected Option,الخيار المحدد,
Selected option was not found.,لم يتم العثور على الخيار المحدد.,
Selected Personnel,أفراد محددون,
Service Information,بيانات الخدمة,
Service Year Number,رقم سنة الخدمة,
Service Year number,رقم سنة الخدمة,
Sheet,الورقة,
Social Status,الحالة الاجتماعية,
Source Committee,لجنة المصدر,
Source workbook column validation failed:,فشل التحقق من أعمدة المصنف المصدر:,
Specific Committee,لجنة محددة,
Start Date,تاريخ البداية,
Status,الحالة,
System Manager,مدير النظام,
Switching language...,جارٍ تغيير اللغة...,
The conflicting history record could not be found.,تعذر العثور على سجل التاريخ محل التعارض.,
This conflict is already resolved.,هذا التعارض محلول بالفعل.,
"This will update personnel, history records, committee records, and conflicts from the attached workbook. Continue?",سيؤدي هذا إلى تحديث الأفراد وسجلات التاريخ وسجلات اللجان والتعارضات من المصنف المرفق. هل تريد المتابعة؟,
Total Committees,إجمالي اللجان,
Total Personnel,إجمالي الأفراد,
Travel Date,تاريخ السفر,
Travel Charts & Dashboard,لوحة معلومات ورسوم السفر,
Travel Charts & Dashboards,لوحات معلومات ورسوم السفر,
Travel By Rank,السفر حسب الرتبة,
Travel by Rank,السفر حسب الرتبة,
Travel By Unit,السفر حسب الوحدة,
Travel by Unit,السفر حسب الوحدة,
"Travel History ",سجل السفر,
Travel History,سجل السفر,
Type,النوع,
Unit,الوحدة,
Unit Name,اسم الوحدة,
Unit History,تاريخ الوحدة,
Unmatched,غير مطابق,
Unresolved,غير محلول,
Unresolved Conflicts,التعارضات غير المحلولة,
Unsupported language.,لغة غير مدعومة.,
Validating workbook...,جارٍ التحقق من المصنف...,
Value,القيمة,
Validate Workbook,التحقق من المصنف,
View Personnel,عرض الأفراد,
Volunteer Date,تاريخ التطوع,
Warnings,تحذيرات,
Weapon,السلاح,
Weapon Name,اسم السلاح,
Weight,الوزن,
Weight Date,تاريخ الوزن,
Workbook Validation Passed,نجح التحقق من المصنف,
Workflow,سير العمل,
العربية,العربية,
